"","Site","scientific_name","abundance","Dev_10","Dev_1","BodySize","LHSCategory","VoltinismCategory","LarvalHabitatCategory","meanLight","max_lat_dif","min_lat_dif","med_lat_dif","temp_niche","precip_niche","mean_temp","mean_rh","mean_hsi"
"1","Auca","Acanalonia servillei",0,0.057,0.015,14.5,"Herbivore","Univoltine","Above Ground",0,6.20156,-2.34538,1.3495,2.81457411410109,160.229305820834,1.01755102,-1.108163265,1.332244898
"2","Auca","Alcaeorrhynchus grandis",0,0.057,0.015,20,"Carnivore","Not Univoltine","Above Ground",0,3.23802,-23.3995,-0.0340000000000025,2.77440600496807,454.301910255938,1.01755102,-1.108163265,1.332244898
"3","Auca","Anomala innuba",32,0.057,0.015,7.5,"Herbivore","Not Univoltine","Below Ground",0,9.44282,-3.06142,3.2674,4.16178885458884,313.801359071828,1.01755102,-1.108163265,1.332244898
"4","Auca","Blattella asahinai",1,0.057,0.015,14.5,"Herbivore","Not Univoltine","Above Ground",0,2.6963,-8.83475,0.400400000000001,3.35753476865113,409.929268610035,1.01755102,-1.108163265,1.332244898
"5","Auca","Callistethus marginatus",226,0.057,0.015,13.5,"Herbivore","Not Univoltine","Below Ground",0,7.34624000000001,-3.52616,1.3,3.76043297648297,329.084045570379,1.01755102,-1.108163265,1.332244898
"6","Auca","Calosoma scrutator",0,0.057,0.015,30,"Carnivore","Univoltine","Above Ground",0,10.0707,0.00329999999999941,4.11079999999999,3.42313596310852,312.109190304279,1.01755102,-1.108163265,1.332244898
"7","Auca","Camponotus castaneus",0,0.057,0.015,8.5,"Omnivore","Not Univoltine","Host Organisms",0,9.8408,1.0152,6.8397,2.70351447364713,168.142479126584,1.01755102,-1.108163265,1.332244898
"8","Auca","Camponotus floridanus",5,0.057,0.015,8.5,"Omnivore","Not Univoltine","Host Organisms",0,0.732980000000001,-3.9084,-1.571,1.5274742654138,116.335066166947,1.01755102,-1.108163265,1.332244898
"9","Auca","Chauliodes rastricornis",20,0.057,0.015,35,"Omnivore","Not Univoltine","Freshwater",0,15.3888,0.50817,11.50765,5.55321612401015,225.027366967559,1.01755102,-1.108163265,1.332244898
"10","Auca","Climaciella brunnea",0,0.057,0.015,26.5,"Carnivore","Not Univoltine","Host Organisms",0,15.8374,-0.915580000000002,12.9686,5.80591046276887,329.452941561826,1.01755102,-1.108163265,1.332244898
"11","Auca","Corydalus cornutus",10,0.057,0.015,54,"Omnivore","Univoltine","Freshwater",0,13.57158,3.43488,9.12105,3.59008191526177,209.500023430073,1.01755102,-1.108163265,1.332244898
"12","Auca","Cybister fimbriolatus",16,0.057,0.015,29.5,"Carnivore","Univoltine","Freshwater",0,10.94483,-2.01133,2.3079,4.36706778375191,303.052664561671,1.01755102,-1.108163265,1.332244898
"13","Auca","Dichotomius carolinus",4,0.057,0.015,25,"Detrivore","Univoltine","Above Ground",0,9.3372,-10.2733,5.39725,3.64512345088033,382.850577514149,1.01755102,-1.108163265,1.332244898
"14","Auca","Draeculacephala inscripta",7,0.057,0.015,7,"Herbivore","Not Univoltine","Above Ground",0,8.68032000000001,-0.627460000000003,0.811699999999998,3.61521297776219,230.708236738472,1.01755102,-1.108163265,1.332244898
"15","Auca","Euphoria sepulcralis",0,0.057,0.015,11.5,"Herbivore","Univoltine","Below Ground",0,9.31407,-3.68085,1.28645,4.11175634694152,264.336060265963,1.01755102,-1.108163265,1.332244898
"16","Auca","Harmonia axyridis",2,0.057,0.015,6.5,"Carnivore","Not Univoltine","Above Ground",0,23.651,4.03536,20.8802,3.38960814321939,264.803339094393,1.01755102,-1.108163265,1.332244898
"17","Auca","Hydaticus bimarginatus",61,0.057,0.015,12.5,"Carnivore","Univoltine","Freshwater",0,5.57985,-2.53645,0.366,2.72629463654203,232.100917636227,1.01755102,-1.108163265,1.332244898
"18","Auca","Lethocerus uhleri",3,0.057,0.015,48.5,"Carnivore","Not Univoltine","Freshwater",0,6.22652,-1.7319,0.8414,2.77862837874417,235.222942972051,1.01755102,-1.108163265,1.332244898
"19","Auca","Lytta polita",0,0.057,0.015,17.5,"Carnivore","Univoltine","Host Organisms",0,5.9363,-0.704600000000003,1.14695,2.47606405877214,147.415611063826,1.01755102,-1.108163265,1.332244898
"20","Auca","Megalodacne fasciata",0,0.057,0.015,12.5,"Herbivore","Not Univoltine","Host Organisms",0,11.83046,0.611499999999999,7.5829,3.82685601308118,211.875959034006,1.01755102,-1.108163265,1.332244898
"21","Auca","Melanolestes picipes",2,0.057,0.015,11,"Carnivore","Not Univoltine","Below Ground",0,9.55308,0.487159999999999,5.7128,3.39358232788108,280.824961928544,1.01755102,-1.108163265,1.332244898
"22","Auca","Necrophila americana",2,0.057,0.015,16.5,"Detrivore","Not Univoltine","Host Organisms",0,15.9427,6.2585,11.523,3.80382800299079,185.600535245898,1.01755102,-1.108163265,1.332244898
"23","Auca","Neoconocephalus triops",0,0.057,0.015,32,"Herbivore","Not Univoltine","Above Ground",0,5.6516,-7.64649,0.15635,3.21043102917168,417.815717320485,1.01755102,-1.108163265,1.332244898
"24","Auca","Neoscapteriscus borellii",4,0.057,0.015,30,"Omnivore","Not Univoltine","Below Ground",0,4.62694,-1.57872,0.946449999999999,2.1975098316369,339.65299945197,1.01755102,-1.108163265,1.332244898
"25","Auca","Pelidnota punctata",0,0.057,0.015,22,"Detrivore","Univoltine","Host Organisms",0,14.11112,1.96209,10.41015,4.09221785940406,199.735546624183,1.01755102,-1.108163265,1.332244898
"26","Auca","Periplaneta americana",0,0.057,0.015,38,"Omnivore","Not Univoltine","Above Ground",0,9.72851,-36.99468,1.03355,4.550952117521,652.345131775528,1.01755102,-1.108163265,1.332244898
"27","Auca","Phileurus truncatus",0,0.057,0.015,35,"Detrivore","Univoltine","Host Organisms",0,6.31028,-10.40278,3.7026,2.61350928156564,536.665503698626,1.01755102,-1.108163265,1.332244898
"28","Auca","Phileurus valgus",1,0.057,0.015,23,"Detrivore","Not Univoltine","Host Organisms",0,6.5085,-15.0894,0.609099999999998,3.79938507603675,518.459617713095,1.01755102,-1.108163265,1.332244898
"29","Auca","Plecia nearctica",10,0.057,0.015,7.5,"Herbivore","Not Univoltine","Below Ground",0,2.34642,-1.81964,0.0626999999999995,1.59085050727693,186.938070243399,1.01755102,-1.108163265,1.332244898
"30","Auca","Prionus imbricornis",0,0.057,0.015,37.5,"Herbivore","Univoltine","Host Organisms",0,8.64517999999999,0.86712,5.53875,2.46058708621822,210.76072994301,1.01755102,-1.108163265,1.332244898
"31","Auca","Prionus pocularis",2,0.057,0.015,34.5,"Herbivore","Univoltine","Host Organisms",0,11.89206,-0.938039999999997,3.6192,4.31687260982908,208.735279531533,1.01755102,-1.108163265,1.332244898
"32","Auca","Prosapia bicincta",150,0.057,0.015,9,"Herbivore","Not Univoltine","Above Ground",0,9.46683999999999,0.085799999999999,4.5966,3.30939461663834,242.784188261434,1.01755102,-1.108163265,1.332244898
"33","Auca","Rhiginia cruciata",0,0.057,0.015,14,"Carnivore","Not Univoltine","Above Ground",0,10.43586,0.30462,7.5535,3.49738750158468,189.033570507408,1.01755102,-1.108163265,1.332244898
"34","Auca","Tabanus atratus",0,0.057,0.015,26.5,"Carnivore","Not Univoltine","Freshwater",0,13.74687,-0.132200000000001,6.63105,5.12222578420955,244.456964908158,1.01755102,-1.108163265,1.332244898
"35","Auca","Tylozygus geometricus",0,0.057,0.015,4,"Herbivore","Univoltine","Above Ground",0,9.63652,-20.11294,2.6939,4.6417090820903,815.33606703684,1.01755102,-1.108163265,1.332244898
"36","Baca","Acanalonia servillei",5,0.58,0.948,14.5,"Herbivore","Univoltine","Above Ground",13.2569791666667,6.20156,-2.34538,1.3495,2.81457411410109,160.229305820834,0,0,0
"37","Baca","Alcaeorrhynchus grandis",0,0.58,0.948,20,"Carnivore","Not Univoltine","Above Ground",13.2569791666667,3.23802,-23.3995,-0.0340000000000025,2.77440600496807,454.301910255938,0,0,0
"38","Baca","Anomala innuba",14,0.58,0.948,7.5,"Herbivore","Not Univoltine","Below Ground",13.2569791666667,9.44282,-3.06142,3.2674,4.16178885458884,313.801359071828,0,0,0
"39","Baca","Blattella asahinai",4,0.58,0.948,14.5,"Herbivore","Not Univoltine","Above Ground",13.2569791666667,2.6963,-8.83475,0.400400000000001,3.35753476865113,409.929268610035,0,0,0
"40","Baca","Callistethus marginatus",27,0.58,0.948,13.5,"Herbivore","Not Univoltine","Below Ground",13.2569791666667,7.34624000000001,-3.52616,1.3,3.76043297648297,329.084045570379,0,0,0
"41","Baca","Calosoma scrutator",0,0.58,0.948,30,"Carnivore","Univoltine","Above Ground",13.2569791666667,10.0707,0.00329999999999941,4.11079999999999,3.42313596310852,312.109190304279,0,0,0
"42","Baca","Camponotus castaneus",0,0.58,0.948,8.5,"Omnivore","Not Univoltine","Host Organisms",13.2569791666667,9.8408,1.0152,6.8397,2.70351447364713,168.142479126584,0,0,0
"43","Baca","Camponotus floridanus",3,0.58,0.948,8.5,"Omnivore","Not Univoltine","Host Organisms",13.2569791666667,0.732980000000001,-3.9084,-1.571,1.5274742654138,116.335066166947,0,0,0
"44","Baca","Chauliodes rastricornis",0,0.58,0.948,35,"Omnivore","Not Univoltine","Freshwater",13.2569791666667,15.3888,0.50817,11.50765,5.55321612401015,225.027366967559,0,0,0
"45","Baca","Climaciella brunnea",0,0.58,0.948,26.5,"Carnivore","Not Univoltine","Host Organisms",13.2569791666667,15.8374,-0.915580000000002,12.9686,5.80591046276887,329.452941561826,0,0,0
"46","Baca","Corydalus cornutus",0,0.58,0.948,54,"Omnivore","Univoltine","Freshwater",13.2569791666667,13.57158,3.43488,9.12105,3.59008191526177,209.500023430073,0,0,0
"47","Baca","Cybister fimbriolatus",0,0.58,0.948,29.5,"Carnivore","Univoltine","Freshwater",13.2569791666667,10.94483,-2.01133,2.3079,4.36706778375191,303.052664561671,0,0,0
"48","Baca","Dichotomius carolinus",0,0.58,0.948,25,"Detrivore","Univoltine","Above Ground",13.2569791666667,9.3372,-10.2733,5.39725,3.64512345088033,382.850577514149,0,0,0
"49","Baca","Draeculacephala inscripta",0,0.58,0.948,7,"Herbivore","Not Univoltine","Above Ground",13.2569791666667,8.68032000000001,-0.627460000000003,0.811699999999998,3.61521297776219,230.708236738472,0,0,0
"50","Baca","Euphoria sepulcralis",0,0.58,0.948,11.5,"Herbivore","Univoltine","Below Ground",13.2569791666667,9.31407,-3.68085,1.28645,4.11175634694152,264.336060265963,0,0,0
"51","Baca","Harmonia axyridis",1,0.58,0.948,6.5,"Carnivore","Not Univoltine","Above Ground",13.2569791666667,23.651,4.03536,20.8802,3.38960814321939,264.803339094393,0,0,0
"52","Baca","Hydaticus bimarginatus",57,0.58,0.948,12.5,"Carnivore","Univoltine","Freshwater",13.2569791666667,5.57985,-2.53645,0.366,2.72629463654203,232.100917636227,0,0,0
"53","Baca","Lethocerus uhleri",1,0.58,0.948,48.5,"Carnivore","Not Univoltine","Freshwater",13.2569791666667,6.22652,-1.7319,0.8414,2.77862837874417,235.222942972051,0,0,0
"54","Baca","Lytta polita",0,0.58,0.948,17.5,"Carnivore","Univoltine","Host Organisms",13.2569791666667,5.9363,-0.704600000000003,1.14695,2.47606405877214,147.415611063826,0,0,0
"55","Baca","Megalodacne fasciata",0,0.58,0.948,12.5,"Herbivore","Not Univoltine","Host Organisms",13.2569791666667,11.83046,0.611499999999999,7.5829,3.82685601308118,211.875959034006,0,0,0
"56","Baca","Melanolestes picipes",0,0.58,0.948,11,"Carnivore","Not Univoltine","Below Ground",13.2569791666667,9.55308,0.487159999999999,5.7128,3.39358232788108,280.824961928544,0,0,0
"57","Baca","Necrophila americana",0,0.58,0.948,16.5,"Detrivore","Not Univoltine","Host Organisms",13.2569791666667,15.9427,6.2585,11.523,3.80382800299079,185.600535245898,0,0,0
"58","Baca","Neoconocephalus triops",0,0.58,0.948,32,"Herbivore","Not Univoltine","Above Ground",13.2569791666667,5.6516,-7.64649,0.15635,3.21043102917168,417.815717320485,0,0,0
"59","Baca","Neoscapteriscus borellii",0,0.58,0.948,30,"Omnivore","Not Univoltine","Below Ground",13.2569791666667,4.62694,-1.57872,0.946449999999999,2.1975098316369,339.65299945197,0,0,0
"60","Baca","Pelidnota punctata",2,0.58,0.948,22,"Detrivore","Univoltine","Host Organisms",13.2569791666667,14.11112,1.96209,10.41015,4.09221785940406,199.735546624183,0,0,0
"61","Baca","Periplaneta americana",0,0.58,0.948,38,"Omnivore","Not Univoltine","Above Ground",13.2569791666667,9.72851,-36.99468,1.03355,4.550952117521,652.345131775528,0,0,0
"62","Baca","Phileurus truncatus",0,0.58,0.948,35,"Detrivore","Univoltine","Host Organisms",13.2569791666667,6.31028,-10.40278,3.7026,2.61350928156564,536.665503698626,0,0,0
"63","Baca","Phileurus valgus",0,0.58,0.948,23,"Detrivore","Not Univoltine","Host Organisms",13.2569791666667,6.5085,-15.0894,0.609099999999998,3.79938507603675,518.459617713095,0,0,0
"64","Baca","Plecia nearctica",0,0.58,0.948,7.5,"Herbivore","Not Univoltine","Below Ground",13.2569791666667,2.34642,-1.81964,0.0626999999999995,1.59085050727693,186.938070243399,0,0,0
"65","Baca","Prionus imbricornis",0,0.58,0.948,37.5,"Herbivore","Univoltine","Host Organisms",13.2569791666667,8.64517999999999,0.86712,5.53875,2.46058708621822,210.76072994301,0,0,0
"66","Baca","Prionus pocularis",1,0.58,0.948,34.5,"Herbivore","Univoltine","Host Organisms",13.2569791666667,11.89206,-0.938039999999997,3.6192,4.31687260982908,208.735279531533,0,0,0
"67","Baca","Prosapia bicincta",1,0.58,0.948,9,"Herbivore","Not Univoltine","Above Ground",13.2569791666667,9.46683999999999,0.085799999999999,4.5966,3.30939461663834,242.784188261434,0,0,0
"68","Baca","Rhiginia cruciata",0,0.58,0.948,14,"Carnivore","Not Univoltine","Above Ground",13.2569791666667,10.43586,0.30462,7.5535,3.49738750158468,189.033570507408,0,0,0
"69","Baca","Tabanus atratus",0,0.58,0.948,26.5,"Carnivore","Not Univoltine","Freshwater",13.2569791666667,13.74687,-0.132200000000001,6.63105,5.12222578420955,244.456964908158,0,0,0
"70","Baca","Tylozygus geometricus",0,0.58,0.948,4,"Herbivore","Univoltine","Above Ground",13.2569791666667,9.63652,-20.11294,2.6939,4.6417090820903,815.33606703684,0,0,0
"71","Biva","Acanalonia servillei",0,0.381,0.235,14.5,"Herbivore","Univoltine","Above Ground",2.25,6.20156,-2.34538,1.3495,2.81457411410109,160.229305820834,0.474153846,-1.344923077,0.631692308
"72","Biva","Alcaeorrhynchus grandis",0,0.381,0.235,20,"Carnivore","Not Univoltine","Above Ground",2.25,3.23802,-23.3995,-0.0340000000000025,2.77440600496807,454.301910255938,0.474153846,-1.344923077,0.631692308
"73","Biva","Anomala innuba",1,0.381,0.235,7.5,"Herbivore","Not Univoltine","Below Ground",2.25,9.44282,-3.06142,3.2674,4.16178885458884,313.801359071828,0.474153846,-1.344923077,0.631692308
"74","Biva","Blattella asahinai",0,0.381,0.235,14.5,"Herbivore","Not Univoltine","Above Ground",2.25,2.6963,-8.83475,0.400400000000001,3.35753476865113,409.929268610035,0.474153846,-1.344923077,0.631692308
"75","Biva","Callistethus marginatus",12,0.381,0.235,13.5,"Herbivore","Not Univoltine","Below Ground",2.25,7.34624000000001,-3.52616,1.3,3.76043297648297,329.084045570379,0.474153846,-1.344923077,0.631692308
"76","Biva","Calosoma scrutator",0,0.381,0.235,30,"Carnivore","Univoltine","Above Ground",2.25,10.0707,0.00329999999999941,4.11079999999999,3.42313596310852,312.109190304279,0.474153846,-1.344923077,0.631692308
"77","Biva","Camponotus castaneus",3,0.381,0.235,8.5,"Omnivore","Not Univoltine","Host Organisms",2.25,9.8408,1.0152,6.8397,2.70351447364713,168.142479126584,0.474153846,-1.344923077,0.631692308
"78","Biva","Camponotus floridanus",4,0.381,0.235,8.5,"Omnivore","Not Univoltine","Host Organisms",2.25,0.732980000000001,-3.9084,-1.571,1.5274742654138,116.335066166947,0.474153846,-1.344923077,0.631692308
"79","Biva","Chauliodes rastricornis",18,0.381,0.235,35,"Omnivore","Not Univoltine","Freshwater",2.25,15.3888,0.50817,11.50765,5.55321612401015,225.027366967559,0.474153846,-1.344923077,0.631692308
"80","Biva","Climaciella brunnea",0,0.381,0.235,26.5,"Carnivore","Not Univoltine","Host Organisms",2.25,15.8374,-0.915580000000002,12.9686,5.80591046276887,329.452941561826,0.474153846,-1.344923077,0.631692308
"81","Biva","Corydalus cornutus",1,0.381,0.235,54,"Omnivore","Univoltine","Freshwater",2.25,13.57158,3.43488,9.12105,3.59008191526177,209.500023430073,0.474153846,-1.344923077,0.631692308
"82","Biva","Cybister fimbriolatus",1,0.381,0.235,29.5,"Carnivore","Univoltine","Freshwater",2.25,10.94483,-2.01133,2.3079,4.36706778375191,303.052664561671,0.474153846,-1.344923077,0.631692308
"83","Biva","Dichotomius carolinus",0,0.381,0.235,25,"Detrivore","Univoltine","Above Ground",2.25,9.3372,-10.2733,5.39725,3.64512345088033,382.850577514149,0.474153846,-1.344923077,0.631692308
"84","Biva","Draeculacephala inscripta",2,0.381,0.235,7,"Herbivore","Not Univoltine","Above Ground",2.25,8.68032000000001,-0.627460000000003,0.811699999999998,3.61521297776219,230.708236738472,0.474153846,-1.344923077,0.631692308
"85","Biva","Euphoria sepulcralis",0,0.381,0.235,11.5,"Herbivore","Univoltine","Below Ground",2.25,9.31407,-3.68085,1.28645,4.11175634694152,264.336060265963,0.474153846,-1.344923077,0.631692308
"86","Biva","Harmonia axyridis",0,0.381,0.235,6.5,"Carnivore","Not Univoltine","Above Ground",2.25,23.651,4.03536,20.8802,3.38960814321939,264.803339094393,0.474153846,-1.344923077,0.631692308
"87","Biva","Hydaticus bimarginatus",77,0.381,0.235,12.5,"Carnivore","Univoltine","Freshwater",2.25,5.57985,-2.53645,0.366,2.72629463654203,232.100917636227,0.474153846,-1.344923077,0.631692308
"88","Biva","Lethocerus uhleri",3,0.381,0.235,48.5,"Carnivore","Not Univoltine","Freshwater",2.25,6.22652,-1.7319,0.8414,2.77862837874417,235.222942972051,0.474153846,-1.344923077,0.631692308
"89","Biva","Lytta polita",1,0.381,0.235,17.5,"Carnivore","Univoltine","Host Organisms",2.25,5.9363,-0.704600000000003,1.14695,2.47606405877214,147.415611063826,0.474153846,-1.344923077,0.631692308
"90","Biva","Megalodacne fasciata",2,0.381,0.235,12.5,"Herbivore","Not Univoltine","Host Organisms",2.25,11.83046,0.611499999999999,7.5829,3.82685601308118,211.875959034006,0.474153846,-1.344923077,0.631692308
"91","Biva","Melanolestes picipes",0,0.381,0.235,11,"Carnivore","Not Univoltine","Below Ground",2.25,9.55308,0.487159999999999,5.7128,3.39358232788108,280.824961928544,0.474153846,-1.344923077,0.631692308
"92","Biva","Necrophila americana",0,0.381,0.235,16.5,"Detrivore","Not Univoltine","Host Organisms",2.25,15.9427,6.2585,11.523,3.80382800299079,185.600535245898,0.474153846,-1.344923077,0.631692308
"93","Biva","Neoconocephalus triops",0,0.381,0.235,32,"Herbivore","Not Univoltine","Above Ground",2.25,5.6516,-7.64649,0.15635,3.21043102917168,417.815717320485,0.474153846,-1.344923077,0.631692308
"94","Biva","Neoscapteriscus borellii",0,0.381,0.235,30,"Omnivore","Not Univoltine","Below Ground",2.25,4.62694,-1.57872,0.946449999999999,2.1975098316369,339.65299945197,0.474153846,-1.344923077,0.631692308
"95","Biva","Pelidnota punctata",1,0.381,0.235,22,"Detrivore","Univoltine","Host Organisms",2.25,14.11112,1.96209,10.41015,4.09221785940406,199.735546624183,0.474153846,-1.344923077,0.631692308
"96","Biva","Periplaneta americana",1,0.381,0.235,38,"Omnivore","Not Univoltine","Above Ground",2.25,9.72851,-36.99468,1.03355,4.550952117521,652.345131775528,0.474153846,-1.344923077,0.631692308
"97","Biva","Phileurus truncatus",0,0.381,0.235,35,"Detrivore","Univoltine","Host Organisms",2.25,6.31028,-10.40278,3.7026,2.61350928156564,536.665503698626,0.474153846,-1.344923077,0.631692308
"98","Biva","Phileurus valgus",1,0.381,0.235,23,"Detrivore","Not Univoltine","Host Organisms",2.25,6.5085,-15.0894,0.609099999999998,3.79938507603675,518.459617713095,0.474153846,-1.344923077,0.631692308
"99","Biva","Plecia nearctica",19,0.381,0.235,7.5,"Herbivore","Not Univoltine","Below Ground",2.25,2.34642,-1.81964,0.0626999999999995,1.59085050727693,186.938070243399,0.474153846,-1.344923077,0.631692308
"100","Biva","Prionus imbricornis",0,0.381,0.235,37.5,"Herbivore","Univoltine","Host Organisms",2.25,8.64517999999999,0.86712,5.53875,2.46058708621822,210.76072994301,0.474153846,-1.344923077,0.631692308
"101","Biva","Prionus pocularis",1,0.381,0.235,34.5,"Herbivore","Univoltine","Host Organisms",2.25,11.89206,-0.938039999999997,3.6192,4.31687260982908,208.735279531533,0.474153846,-1.344923077,0.631692308
"102","Biva","Prosapia bicincta",27,0.381,0.235,9,"Herbivore","Not Univoltine","Above Ground",2.25,9.46683999999999,0.085799999999999,4.5966,3.30939461663834,242.784188261434,0.474153846,-1.344923077,0.631692308
"103","Biva","Rhiginia cruciata",0,0.381,0.235,14,"Carnivore","Not Univoltine","Above Ground",2.25,10.43586,0.30462,7.5535,3.49738750158468,189.033570507408,0.474153846,-1.344923077,0.631692308
"104","Biva","Tabanus atratus",0,0.381,0.235,26.5,"Carnivore","Not Univoltine","Freshwater",2.25,13.74687,-0.132200000000001,6.63105,5.12222578420955,244.456964908158,0.474153846,-1.344923077,0.631692308
"105","Biva","Tylozygus geometricus",0,0.381,0.235,4,"Herbivore","Univoltine","Above Ground",2.25,9.63652,-20.11294,2.6939,4.6417090820903,815.33606703684,0.474153846,-1.344923077,0.631692308
"106","Bowa","Acanalonia servillei",1,0.278,0.132,14.5,"Herbivore","Univoltine","Above Ground",0.011,6.20156,-2.34538,1.3495,2.81457411410109,160.229305820834,0.098666667,2.606666667,0.665333333
"107","Bowa","Alcaeorrhynchus grandis",0,0.278,0.132,20,"Carnivore","Not Univoltine","Above Ground",0.011,3.23802,-23.3995,-0.0340000000000025,2.77440600496807,454.301910255938,0.098666667,2.606666667,0.665333333
"108","Bowa","Anomala innuba",0,0.278,0.132,7.5,"Herbivore","Not Univoltine","Below Ground",0.011,9.44282,-3.06142,3.2674,4.16178885458884,313.801359071828,0.098666667,2.606666667,0.665333333
"109","Bowa","Blattella asahinai",0,0.278,0.132,14.5,"Herbivore","Not Univoltine","Above Ground",0.011,2.6963,-8.83475,0.400400000000001,3.35753476865113,409.929268610035,0.098666667,2.606666667,0.665333333
"110","Bowa","Callistethus marginatus",7,0.278,0.132,13.5,"Herbivore","Not Univoltine","Below Ground",0.011,7.34624000000001,-3.52616,1.3,3.76043297648297,329.084045570379,0.098666667,2.606666667,0.665333333
"111","Bowa","Calosoma scrutator",0,0.278,0.132,30,"Carnivore","Univoltine","Above Ground",0.011,10.0707,0.00329999999999941,4.11079999999999,3.42313596310852,312.109190304279,0.098666667,2.606666667,0.665333333
"112","Bowa","Camponotus castaneus",1,0.278,0.132,8.5,"Omnivore","Not Univoltine","Host Organisms",0.011,9.8408,1.0152,6.8397,2.70351447364713,168.142479126584,0.098666667,2.606666667,0.665333333
"113","Bowa","Camponotus floridanus",8,0.278,0.132,8.5,"Omnivore","Not Univoltine","Host Organisms",0.011,0.732980000000001,-3.9084,-1.571,1.5274742654138,116.335066166947,0.098666667,2.606666667,0.665333333
"114","Bowa","Chauliodes rastricornis",9,0.278,0.132,35,"Omnivore","Not Univoltine","Freshwater",0.011,15.3888,0.50817,11.50765,5.55321612401015,225.027366967559,0.098666667,2.606666667,0.665333333
"115","Bowa","Climaciella brunnea",0,0.278,0.132,26.5,"Carnivore","Not Univoltine","Host Organisms",0.011,15.8374,-0.915580000000002,12.9686,5.80591046276887,329.452941561826,0.098666667,2.606666667,0.665333333
"116","Bowa","Corydalus cornutus",0,0.278,0.132,54,"Omnivore","Univoltine","Freshwater",0.011,13.57158,3.43488,9.12105,3.59008191526177,209.500023430073,0.098666667,2.606666667,0.665333333
"117","Bowa","Cybister fimbriolatus",10,0.278,0.132,29.5,"Carnivore","Univoltine","Freshwater",0.011,10.94483,-2.01133,2.3079,4.36706778375191,303.052664561671,0.098666667,2.606666667,0.665333333
"118","Bowa","Dichotomius carolinus",1,0.278,0.132,25,"Detrivore","Univoltine","Above Ground",0.011,9.3372,-10.2733,5.39725,3.64512345088033,382.850577514149,0.098666667,2.606666667,0.665333333
"119","Bowa","Draeculacephala inscripta",7,0.278,0.132,7,"Herbivore","Not Univoltine","Above Ground",0.011,8.68032000000001,-0.627460000000003,0.811699999999998,3.61521297776219,230.708236738472,0.098666667,2.606666667,0.665333333
"120","Bowa","Euphoria sepulcralis",0,0.278,0.132,11.5,"Herbivore","Univoltine","Below Ground",0.011,9.31407,-3.68085,1.28645,4.11175634694152,264.336060265963,0.098666667,2.606666667,0.665333333
"121","Bowa","Harmonia axyridis",0,0.278,0.132,6.5,"Carnivore","Not Univoltine","Above Ground",0.011,23.651,4.03536,20.8802,3.38960814321939,264.803339094393,0.098666667,2.606666667,0.665333333
"122","Bowa","Hydaticus bimarginatus",41,0.278,0.132,12.5,"Carnivore","Univoltine","Freshwater",0.011,5.57985,-2.53645,0.366,2.72629463654203,232.100917636227,0.098666667,2.606666667,0.665333333
"123","Bowa","Lethocerus uhleri",1,0.278,0.132,48.5,"Carnivore","Not Univoltine","Freshwater",0.011,6.22652,-1.7319,0.8414,2.77862837874417,235.222942972051,0.098666667,2.606666667,0.665333333
"124","Bowa","Lytta polita",1,0.278,0.132,17.5,"Carnivore","Univoltine","Host Organisms",0.011,5.9363,-0.704600000000003,1.14695,2.47606405877214,147.415611063826,0.098666667,2.606666667,0.665333333
"125","Bowa","Megalodacne fasciata",0,0.278,0.132,12.5,"Herbivore","Not Univoltine","Host Organisms",0.011,11.83046,0.611499999999999,7.5829,3.82685601308118,211.875959034006,0.098666667,2.606666667,0.665333333
"126","Bowa","Melanolestes picipes",0,0.278,0.132,11,"Carnivore","Not Univoltine","Below Ground",0.011,9.55308,0.487159999999999,5.7128,3.39358232788108,280.824961928544,0.098666667,2.606666667,0.665333333
"127","Bowa","Necrophila americana",2,0.278,0.132,16.5,"Detrivore","Not Univoltine","Host Organisms",0.011,15.9427,6.2585,11.523,3.80382800299079,185.600535245898,0.098666667,2.606666667,0.665333333
"128","Bowa","Neoconocephalus triops",0,0.278,0.132,32,"Herbivore","Not Univoltine","Above Ground",0.011,5.6516,-7.64649,0.15635,3.21043102917168,417.815717320485,0.098666667,2.606666667,0.665333333
"129","Bowa","Neoscapteriscus borellii",0,0.278,0.132,30,"Omnivore","Not Univoltine","Below Ground",0.011,4.62694,-1.57872,0.946449999999999,2.1975098316369,339.65299945197,0.098666667,2.606666667,0.665333333
"130","Bowa","Pelidnota punctata",4,0.278,0.132,22,"Detrivore","Univoltine","Host Organisms",0.011,14.11112,1.96209,10.41015,4.09221785940406,199.735546624183,0.098666667,2.606666667,0.665333333
"131","Bowa","Periplaneta americana",0,0.278,0.132,38,"Omnivore","Not Univoltine","Above Ground",0.011,9.72851,-36.99468,1.03355,4.550952117521,652.345131775528,0.098666667,2.606666667,0.665333333
"132","Bowa","Phileurus truncatus",0,0.278,0.132,35,"Detrivore","Univoltine","Host Organisms",0.011,6.31028,-10.40278,3.7026,2.61350928156564,536.665503698626,0.098666667,2.606666667,0.665333333
"133","Bowa","Phileurus valgus",4,0.278,0.132,23,"Detrivore","Not Univoltine","Host Organisms",0.011,6.5085,-15.0894,0.609099999999998,3.79938507603675,518.459617713095,0.098666667,2.606666667,0.665333333
"134","Bowa","Plecia nearctica",35,0.278,0.132,7.5,"Herbivore","Not Univoltine","Below Ground",0.011,2.34642,-1.81964,0.0626999999999995,1.59085050727693,186.938070243399,0.098666667,2.606666667,0.665333333
"135","Bowa","Prionus imbricornis",14,0.278,0.132,37.5,"Herbivore","Univoltine","Host Organisms",0.011,8.64517999999999,0.86712,5.53875,2.46058708621822,210.76072994301,0.098666667,2.606666667,0.665333333
"136","Bowa","Prionus pocularis",1,0.278,0.132,34.5,"Herbivore","Univoltine","Host Organisms",0.011,11.89206,-0.938039999999997,3.6192,4.31687260982908,208.735279531533,0.098666667,2.606666667,0.665333333
"137","Bowa","Prosapia bicincta",57,0.278,0.132,9,"Herbivore","Not Univoltine","Above Ground",0.011,9.46683999999999,0.085799999999999,4.5966,3.30939461663834,242.784188261434,0.098666667,2.606666667,0.665333333
"138","Bowa","Rhiginia cruciata",0,0.278,0.132,14,"Carnivore","Not Univoltine","Above Ground",0.011,10.43586,0.30462,7.5535,3.49738750158468,189.033570507408,0.098666667,2.606666667,0.665333333
"139","Bowa","Tabanus atratus",0,0.278,0.132,26.5,"Carnivore","Not Univoltine","Freshwater",0.011,13.74687,-0.132200000000001,6.63105,5.12222578420955,244.456964908158,0.098666667,2.606666667,0.665333333
"140","Bowa","Tylozygus geometricus",0,0.278,0.132,4,"Herbivore","Univoltine","Above Ground",0.011,9.63652,-20.11294,2.6939,4.6417090820903,815.33606703684,0.098666667,2.606666667,0.665333333
"141","Cofr","Acanalonia servillei",5,0.58,0.756,14.5,"Herbivore","Univoltine","Above Ground",1.209375,6.20156,-2.34538,1.3495,2.81457411410109,160.229305820834,0.550980392,-1.050980392,0.844705882
"142","Cofr","Alcaeorrhynchus grandis",0,0.58,0.756,20,"Carnivore","Not Univoltine","Above Ground",1.209375,3.23802,-23.3995,-0.0340000000000025,2.77440600496807,454.301910255938,0.550980392,-1.050980392,0.844705882
"143","Cofr","Anomala innuba",5,0.58,0.756,7.5,"Herbivore","Not Univoltine","Below Ground",1.209375,9.44282,-3.06142,3.2674,4.16178885458884,313.801359071828,0.550980392,-1.050980392,0.844705882
"144","Cofr","Blattella asahinai",0,0.58,0.756,14.5,"Herbivore","Not Univoltine","Above Ground",1.209375,2.6963,-8.83475,0.400400000000001,3.35753476865113,409.929268610035,0.550980392,-1.050980392,0.844705882
"145","Cofr","Callistethus marginatus",38,0.58,0.756,13.5,"Herbivore","Not Univoltine","Below Ground",1.209375,7.34624000000001,-3.52616,1.3,3.76043297648297,329.084045570379,0.550980392,-1.050980392,0.844705882
"146","Cofr","Calosoma scrutator",0,0.58,0.756,30,"Carnivore","Univoltine","Above Ground",1.209375,10.0707,0.00329999999999941,4.11079999999999,3.42313596310852,312.109190304279,0.550980392,-1.050980392,0.844705882
"147","Cofr","Camponotus castaneus",1,0.58,0.756,8.5,"Omnivore","Not Univoltine","Host Organisms",1.209375,9.8408,1.0152,6.8397,2.70351447364713,168.142479126584,0.550980392,-1.050980392,0.844705882
"148","Cofr","Camponotus floridanus",2,0.58,0.756,8.5,"Omnivore","Not Univoltine","Host Organisms",1.209375,0.732980000000001,-3.9084,-1.571,1.5274742654138,116.335066166947,0.550980392,-1.050980392,0.844705882
"149","Cofr","Chauliodes rastricornis",3,0.58,0.756,35,"Omnivore","Not Univoltine","Freshwater",1.209375,15.3888,0.50817,11.50765,5.55321612401015,225.027366967559,0.550980392,-1.050980392,0.844705882
"150","Cofr","Climaciella brunnea",0,0.58,0.756,26.5,"Carnivore","Not Univoltine","Host Organisms",1.209375,15.8374,-0.915580000000002,12.9686,5.80591046276887,329.452941561826,0.550980392,-1.050980392,0.844705882
"151","Cofr","Corydalus cornutus",0,0.58,0.756,54,"Omnivore","Univoltine","Freshwater",1.209375,13.57158,3.43488,9.12105,3.59008191526177,209.500023430073,0.550980392,-1.050980392,0.844705882
"152","Cofr","Cybister fimbriolatus",9,0.58,0.756,29.5,"Carnivore","Univoltine","Freshwater",1.209375,10.94483,-2.01133,2.3079,4.36706778375191,303.052664561671,0.550980392,-1.050980392,0.844705882
"153","Cofr","Dichotomius carolinus",0,0.58,0.756,25,"Detrivore","Univoltine","Above Ground",1.209375,9.3372,-10.2733,5.39725,3.64512345088033,382.850577514149,0.550980392,-1.050980392,0.844705882
"154","Cofr","Draeculacephala inscripta",0,0.58,0.756,7,"Herbivore","Not Univoltine","Above Ground",1.209375,8.68032000000001,-0.627460000000003,0.811699999999998,3.61521297776219,230.708236738472,0.550980392,-1.050980392,0.844705882
"155","Cofr","Euphoria sepulcralis",0,0.58,0.756,11.5,"Herbivore","Univoltine","Below Ground",1.209375,9.31407,-3.68085,1.28645,4.11175634694152,264.336060265963,0.550980392,-1.050980392,0.844705882
"156","Cofr","Harmonia axyridis",0,0.58,0.756,6.5,"Carnivore","Not Univoltine","Above Ground",1.209375,23.651,4.03536,20.8802,3.38960814321939,264.803339094393,0.550980392,-1.050980392,0.844705882
"157","Cofr","Hydaticus bimarginatus",285,0.58,0.756,12.5,"Carnivore","Univoltine","Freshwater",1.209375,5.57985,-2.53645,0.366,2.72629463654203,232.100917636227,0.550980392,-1.050980392,0.844705882
"158","Cofr","Lethocerus uhleri",1,0.58,0.756,48.5,"Carnivore","Not Univoltine","Freshwater",1.209375,6.22652,-1.7319,0.8414,2.77862837874417,235.222942972051,0.550980392,-1.050980392,0.844705882
"159","Cofr","Lytta polita",0,0.58,0.756,17.5,"Carnivore","Univoltine","Host Organisms",1.209375,5.9363,-0.704600000000003,1.14695,2.47606405877214,147.415611063826,0.550980392,-1.050980392,0.844705882
"160","Cofr","Megalodacne fasciata",1,0.58,0.756,12.5,"Herbivore","Not Univoltine","Host Organisms",1.209375,11.83046,0.611499999999999,7.5829,3.82685601308118,211.875959034006,0.550980392,-1.050980392,0.844705882
"161","Cofr","Melanolestes picipes",0,0.58,0.756,11,"Carnivore","Not Univoltine","Below Ground",1.209375,9.55308,0.487159999999999,5.7128,3.39358232788108,280.824961928544,0.550980392,-1.050980392,0.844705882
"162","Cofr","Necrophila americana",0,0.58,0.756,16.5,"Detrivore","Not Univoltine","Host Organisms",1.209375,15.9427,6.2585,11.523,3.80382800299079,185.600535245898,0.550980392,-1.050980392,0.844705882
"163","Cofr","Neoconocephalus triops",0,0.58,0.756,32,"Herbivore","Not Univoltine","Above Ground",1.209375,5.6516,-7.64649,0.15635,3.21043102917168,417.815717320485,0.550980392,-1.050980392,0.844705882
"164","Cofr","Neoscapteriscus borellii",0,0.58,0.756,30,"Omnivore","Not Univoltine","Below Ground",1.209375,4.62694,-1.57872,0.946449999999999,2.1975098316369,339.65299945197,0.550980392,-1.050980392,0.844705882
"165","Cofr","Pelidnota punctata",3,0.58,0.756,22,"Detrivore","Univoltine","Host Organisms",1.209375,14.11112,1.96209,10.41015,4.09221785940406,199.735546624183,0.550980392,-1.050980392,0.844705882
"166","Cofr","Periplaneta americana",0,0.58,0.756,38,"Omnivore","Not Univoltine","Above Ground",1.209375,9.72851,-36.99468,1.03355,4.550952117521,652.345131775528,0.550980392,-1.050980392,0.844705882
"167","Cofr","Phileurus truncatus",0,0.58,0.756,35,"Detrivore","Univoltine","Host Organisms",1.209375,6.31028,-10.40278,3.7026,2.61350928156564,536.665503698626,0.550980392,-1.050980392,0.844705882
"168","Cofr","Phileurus valgus",0,0.58,0.756,23,"Detrivore","Not Univoltine","Host Organisms",1.209375,6.5085,-15.0894,0.609099999999998,3.79938507603675,518.459617713095,0.550980392,-1.050980392,0.844705882
"169","Cofr","Plecia nearctica",12,0.58,0.756,7.5,"Herbivore","Not Univoltine","Below Ground",1.209375,2.34642,-1.81964,0.0626999999999995,1.59085050727693,186.938070243399,0.550980392,-1.050980392,0.844705882
"170","Cofr","Prionus imbricornis",2,0.58,0.756,37.5,"Herbivore","Univoltine","Host Organisms",1.209375,8.64517999999999,0.86712,5.53875,2.46058708621822,210.76072994301,0.550980392,-1.050980392,0.844705882
"171","Cofr","Prionus pocularis",2,0.58,0.756,34.5,"Herbivore","Univoltine","Host Organisms",1.209375,11.89206,-0.938039999999997,3.6192,4.31687260982908,208.735279531533,0.550980392,-1.050980392,0.844705882
"172","Cofr","Prosapia bicincta",13,0.58,0.756,9,"Herbivore","Not Univoltine","Above Ground",1.209375,9.46683999999999,0.085799999999999,4.5966,3.30939461663834,242.784188261434,0.550980392,-1.050980392,0.844705882
"173","Cofr","Rhiginia cruciata",0,0.58,0.756,14,"Carnivore","Not Univoltine","Above Ground",1.209375,10.43586,0.30462,7.5535,3.49738750158468,189.033570507408,0.550980392,-1.050980392,0.844705882
"174","Cofr","Tabanus atratus",0,0.58,0.756,26.5,"Carnivore","Not Univoltine","Freshwater",1.209375,13.74687,-0.132200000000001,6.63105,5.12222578420955,244.456964908158,0.550980392,-1.050980392,0.844705882
"175","Cofr","Tylozygus geometricus",0,0.58,0.756,4,"Herbivore","Univoltine","Above Ground",1.209375,9.63652,-20.11294,2.6939,4.6417090820903,815.33606703684,0.550980392,-1.050980392,0.844705882
"176","Demi","Acanalonia servillei",6,0.396,0.37,14.5,"Herbivore","Univoltine","Above Ground",0.178,6.20156,-2.34538,1.3495,2.81457411410109,160.229305820834,0.769120287,-0.259245961,0.898204668
"177","Demi","Alcaeorrhynchus grandis",1,0.396,0.37,20,"Carnivore","Not Univoltine","Above Ground",0.178,3.23802,-23.3995,-0.0340000000000025,2.77440600496807,454.301910255938,0.769120287,-0.259245961,0.898204668
"178","Demi","Anomala innuba",3,0.396,0.37,7.5,"Herbivore","Not Univoltine","Below Ground",0.178,9.44282,-3.06142,3.2674,4.16178885458884,313.801359071828,0.769120287,-0.259245961,0.898204668
"179","Demi","Blattella asahinai",0,0.396,0.37,14.5,"Herbivore","Not Univoltine","Above Ground",0.178,2.6963,-8.83475,0.400400000000001,3.35753476865113,409.929268610035,0.769120287,-0.259245961,0.898204668
"180","Demi","Callistethus marginatus",3,0.396,0.37,13.5,"Herbivore","Not Univoltine","Below Ground",0.178,7.34624000000001,-3.52616,1.3,3.76043297648297,329.084045570379,0.769120287,-0.259245961,0.898204668
"181","Demi","Calosoma scrutator",0,0.396,0.37,30,"Carnivore","Univoltine","Above Ground",0.178,10.0707,0.00329999999999941,4.11079999999999,3.42313596310852,312.109190304279,0.769120287,-0.259245961,0.898204668
"182","Demi","Camponotus castaneus",0,0.396,0.37,8.5,"Omnivore","Not Univoltine","Host Organisms",0.178,9.8408,1.0152,6.8397,2.70351447364713,168.142479126584,0.769120287,-0.259245961,0.898204668
"183","Demi","Camponotus floridanus",0,0.396,0.37,8.5,"Omnivore","Not Univoltine","Host Organisms",0.178,0.732980000000001,-3.9084,-1.571,1.5274742654138,116.335066166947,0.769120287,-0.259245961,0.898204668
"184","Demi","Chauliodes rastricornis",7,0.396,0.37,35,"Omnivore","Not Univoltine","Freshwater",0.178,15.3888,0.50817,11.50765,5.55321612401015,225.027366967559,0.769120287,-0.259245961,0.898204668
"185","Demi","Climaciella brunnea",0,0.396,0.37,26.5,"Carnivore","Not Univoltine","Host Organisms",0.178,15.8374,-0.915580000000002,12.9686,5.80591046276887,329.452941561826,0.769120287,-0.259245961,0.898204668
"186","Demi","Corydalus cornutus",0,0.396,0.37,54,"Omnivore","Univoltine","Freshwater",0.178,13.57158,3.43488,9.12105,3.59008191526177,209.500023430073,0.769120287,-0.259245961,0.898204668
"187","Demi","Cybister fimbriolatus",2,0.396,0.37,29.5,"Carnivore","Univoltine","Freshwater",0.178,10.94483,-2.01133,2.3079,4.36706778375191,303.052664561671,0.769120287,-0.259245961,0.898204668
"188","Demi","Dichotomius carolinus",1,0.396,0.37,25,"Detrivore","Univoltine","Above Ground",0.178,9.3372,-10.2733,5.39725,3.64512345088033,382.850577514149,0.769120287,-0.259245961,0.898204668
"189","Demi","Draeculacephala inscripta",0,0.396,0.37,7,"Herbivore","Not Univoltine","Above Ground",0.178,8.68032000000001,-0.627460000000003,0.811699999999998,3.61521297776219,230.708236738472,0.769120287,-0.259245961,0.898204668
"190","Demi","Euphoria sepulcralis",1,0.396,0.37,11.5,"Herbivore","Univoltine","Below Ground",0.178,9.31407,-3.68085,1.28645,4.11175634694152,264.336060265963,0.769120287,-0.259245961,0.898204668
"191","Demi","Harmonia axyridis",0,0.396,0.37,6.5,"Carnivore","Not Univoltine","Above Ground",0.178,23.651,4.03536,20.8802,3.38960814321939,264.803339094393,0.769120287,-0.259245961,0.898204668
"192","Demi","Hydaticus bimarginatus",116,0.396,0.37,12.5,"Carnivore","Univoltine","Freshwater",0.178,5.57985,-2.53645,0.366,2.72629463654203,232.100917636227,0.769120287,-0.259245961,0.898204668
"193","Demi","Lethocerus uhleri",5,0.396,0.37,48.5,"Carnivore","Not Univoltine","Freshwater",0.178,6.22652,-1.7319,0.8414,2.77862837874417,235.222942972051,0.769120287,-0.259245961,0.898204668
"194","Demi","Lytta polita",0,0.396,0.37,17.5,"Carnivore","Univoltine","Host Organisms",0.178,5.9363,-0.704600000000003,1.14695,2.47606405877214,147.415611063826,0.769120287,-0.259245961,0.898204668
"195","Demi","Megalodacne fasciata",6,0.396,0.37,12.5,"Herbivore","Not Univoltine","Host Organisms",0.178,11.83046,0.611499999999999,7.5829,3.82685601308118,211.875959034006,0.769120287,-0.259245961,0.898204668
"196","Demi","Melanolestes picipes",0,0.396,0.37,11,"Carnivore","Not Univoltine","Below Ground",0.178,9.55308,0.487159999999999,5.7128,3.39358232788108,280.824961928544,0.769120287,-0.259245961,0.898204668
"197","Demi","Necrophila americana",1,0.396,0.37,16.5,"Detrivore","Not Univoltine","Host Organisms",0.178,15.9427,6.2585,11.523,3.80382800299079,185.600535245898,0.769120287,-0.259245961,0.898204668
"198","Demi","Neoconocephalus triops",0,0.396,0.37,32,"Herbivore","Not Univoltine","Above Ground",0.178,5.6516,-7.64649,0.15635,3.21043102917168,417.815717320485,0.769120287,-0.259245961,0.898204668
"199","Demi","Neoscapteriscus borellii",0,0.396,0.37,30,"Omnivore","Not Univoltine","Below Ground",0.178,4.62694,-1.57872,0.946449999999999,2.1975098316369,339.65299945197,0.769120287,-0.259245961,0.898204668
"200","Demi","Pelidnota punctata",4,0.396,0.37,22,"Detrivore","Univoltine","Host Organisms",0.178,14.11112,1.96209,10.41015,4.09221785940406,199.735546624183,0.769120287,-0.259245961,0.898204668
"201","Demi","Periplaneta americana",0,0.396,0.37,38,"Omnivore","Not Univoltine","Above Ground",0.178,9.72851,-36.99468,1.03355,4.550952117521,652.345131775528,0.769120287,-0.259245961,0.898204668
"202","Demi","Phileurus truncatus",1,0.396,0.37,35,"Detrivore","Univoltine","Host Organisms",0.178,6.31028,-10.40278,3.7026,2.61350928156564,536.665503698626,0.769120287,-0.259245961,0.898204668
"203","Demi","Phileurus valgus",0,0.396,0.37,23,"Detrivore","Not Univoltine","Host Organisms",0.178,6.5085,-15.0894,0.609099999999998,3.79938507603675,518.459617713095,0.769120287,-0.259245961,0.898204668
"204","Demi","Plecia nearctica",25,0.396,0.37,7.5,"Herbivore","Not Univoltine","Below Ground",0.178,2.34642,-1.81964,0.0626999999999995,1.59085050727693,186.938070243399,0.769120287,-0.259245961,0.898204668
"205","Demi","Prionus imbricornis",1,0.396,0.37,37.5,"Herbivore","Univoltine","Host Organisms",0.178,8.64517999999999,0.86712,5.53875,2.46058708621822,210.76072994301,0.769120287,-0.259245961,0.898204668
"206","Demi","Prionus pocularis",1,0.396,0.37,34.5,"Herbivore","Univoltine","Host Organisms",0.178,11.89206,-0.938039999999997,3.6192,4.31687260982908,208.735279531533,0.769120287,-0.259245961,0.898204668
"207","Demi","Prosapia bicincta",2,0.396,0.37,9,"Herbivore","Not Univoltine","Above Ground",0.178,9.46683999999999,0.085799999999999,4.5966,3.30939461663834,242.784188261434,0.769120287,-0.259245961,0.898204668
"208","Demi","Rhiginia cruciata",0,0.396,0.37,14,"Carnivore","Not Univoltine","Above Ground",0.178,10.43586,0.30462,7.5535,3.49738750158468,189.033570507408,0.769120287,-0.259245961,0.898204668
"209","Demi","Tabanus atratus",0,0.396,0.37,26.5,"Carnivore","Not Univoltine","Freshwater",0.178,13.74687,-0.132200000000001,6.63105,5.12222578420955,244.456964908158,0.769120287,-0.259245961,0.898204668
"210","Demi","Tylozygus geometricus",0,0.396,0.37,4,"Herbivore","Univoltine","Above Ground",0.178,9.63652,-20.11294,2.6939,4.6417090820903,815.33606703684,0.769120287,-0.259245961,0.898204668
"211","Joma","Acanalonia servillei",3,0.611,0.642,14.5,"Herbivore","Univoltine","Above Ground",1.7018,6.20156,-2.34538,1.3495,2.81457411410109,160.229305820834,0.544927536,-1.087681159,1.272463768
"212","Joma","Alcaeorrhynchus grandis",0,0.611,0.642,20,"Carnivore","Not Univoltine","Above Ground",1.7018,3.23802,-23.3995,-0.0340000000000025,2.77440600496807,454.301910255938,0.544927536,-1.087681159,1.272463768
"213","Joma","Anomala innuba",5,0.611,0.642,7.5,"Herbivore","Not Univoltine","Below Ground",1.7018,9.44282,-3.06142,3.2674,4.16178885458884,313.801359071828,0.544927536,-1.087681159,1.272463768
"214","Joma","Blattella asahinai",1,0.611,0.642,14.5,"Herbivore","Not Univoltine","Above Ground",1.7018,2.6963,-8.83475,0.400400000000001,3.35753476865113,409.929268610035,0.544927536,-1.087681159,1.272463768
"215","Joma","Callistethus marginatus",14,0.611,0.642,13.5,"Herbivore","Not Univoltine","Below Ground",1.7018,7.34624000000001,-3.52616,1.3,3.76043297648297,329.084045570379,0.544927536,-1.087681159,1.272463768
"216","Joma","Calosoma scrutator",1,0.611,0.642,30,"Carnivore","Univoltine","Above Ground",1.7018,10.0707,0.00329999999999941,4.11079999999999,3.42313596310852,312.109190304279,0.544927536,-1.087681159,1.272463768
"217","Joma","Camponotus castaneus",2,0.611,0.642,8.5,"Omnivore","Not Univoltine","Host Organisms",1.7018,9.8408,1.0152,6.8397,2.70351447364713,168.142479126584,0.544927536,-1.087681159,1.272463768
"218","Joma","Camponotus floridanus",2,0.611,0.642,8.5,"Omnivore","Not Univoltine","Host Organisms",1.7018,0.732980000000001,-3.9084,-1.571,1.5274742654138,116.335066166947,0.544927536,-1.087681159,1.272463768
"219","Joma","Chauliodes rastricornis",35,0.611,0.642,35,"Omnivore","Not Univoltine","Freshwater",1.7018,15.3888,0.50817,11.50765,5.55321612401015,225.027366967559,0.544927536,-1.087681159,1.272463768
"220","Joma","Climaciella brunnea",1,0.611,0.642,26.5,"Carnivore","Not Univoltine","Host Organisms",1.7018,15.8374,-0.915580000000002,12.9686,5.80591046276887,329.452941561826,0.544927536,-1.087681159,1.272463768
"221","Joma","Corydalus cornutus",3,0.611,0.642,54,"Omnivore","Univoltine","Freshwater",1.7018,13.57158,3.43488,9.12105,3.59008191526177,209.500023430073,0.544927536,-1.087681159,1.272463768
"222","Joma","Cybister fimbriolatus",2,0.611,0.642,29.5,"Carnivore","Univoltine","Freshwater",1.7018,10.94483,-2.01133,2.3079,4.36706778375191,303.052664561671,0.544927536,-1.087681159,1.272463768
"223","Joma","Dichotomius carolinus",0,0.611,0.642,25,"Detrivore","Univoltine","Above Ground",1.7018,9.3372,-10.2733,5.39725,3.64512345088033,382.850577514149,0.544927536,-1.087681159,1.272463768
"224","Joma","Draeculacephala inscripta",0,0.611,0.642,7,"Herbivore","Not Univoltine","Above Ground",1.7018,8.68032000000001,-0.627460000000003,0.811699999999998,3.61521297776219,230.708236738472,0.544927536,-1.087681159,1.272463768
"225","Joma","Euphoria sepulcralis",0,0.611,0.642,11.5,"Herbivore","Univoltine","Below Ground",1.7018,9.31407,-3.68085,1.28645,4.11175634694152,264.336060265963,0.544927536,-1.087681159,1.272463768
"226","Joma","Harmonia axyridis",2,0.611,0.642,6.5,"Carnivore","Not Univoltine","Above Ground",1.7018,23.651,4.03536,20.8802,3.38960814321939,264.803339094393,0.544927536,-1.087681159,1.272463768
"227","Joma","Hydaticus bimarginatus",68,0.611,0.642,12.5,"Carnivore","Univoltine","Freshwater",1.7018,5.57985,-2.53645,0.366,2.72629463654203,232.100917636227,0.544927536,-1.087681159,1.272463768
"228","Joma","Lethocerus uhleri",3,0.611,0.642,48.5,"Carnivore","Not Univoltine","Freshwater",1.7018,6.22652,-1.7319,0.8414,2.77862837874417,235.222942972051,0.544927536,-1.087681159,1.272463768
"229","Joma","Lytta polita",0,0.611,0.642,17.5,"Carnivore","Univoltine","Host Organisms",1.7018,5.9363,-0.704600000000003,1.14695,2.47606405877214,147.415611063826,0.544927536,-1.087681159,1.272463768
"230","Joma","Megalodacne fasciata",0,0.611,0.642,12.5,"Herbivore","Not Univoltine","Host Organisms",1.7018,11.83046,0.611499999999999,7.5829,3.82685601308118,211.875959034006,0.544927536,-1.087681159,1.272463768
"231","Joma","Melanolestes picipes",0,0.611,0.642,11,"Carnivore","Not Univoltine","Below Ground",1.7018,9.55308,0.487159999999999,5.7128,3.39358232788108,280.824961928544,0.544927536,-1.087681159,1.272463768
"232","Joma","Necrophila americana",0,0.611,0.642,16.5,"Detrivore","Not Univoltine","Host Organisms",1.7018,15.9427,6.2585,11.523,3.80382800299079,185.600535245898,0.544927536,-1.087681159,1.272463768
"233","Joma","Neoconocephalus triops",0,0.611,0.642,32,"Herbivore","Not Univoltine","Above Ground",1.7018,5.6516,-7.64649,0.15635,3.21043102917168,417.815717320485,0.544927536,-1.087681159,1.272463768
"234","Joma","Neoscapteriscus borellii",0,0.611,0.642,30,"Omnivore","Not Univoltine","Below Ground",1.7018,4.62694,-1.57872,0.946449999999999,2.1975098316369,339.65299945197,0.544927536,-1.087681159,1.272463768
"235","Joma","Pelidnota punctata",1,0.611,0.642,22,"Detrivore","Univoltine","Host Organisms",1.7018,14.11112,1.96209,10.41015,4.09221785940406,199.735546624183,0.544927536,-1.087681159,1.272463768
"236","Joma","Periplaneta americana",0,0.611,0.642,38,"Omnivore","Not Univoltine","Above Ground",1.7018,9.72851,-36.99468,1.03355,4.550952117521,652.345131775528,0.544927536,-1.087681159,1.272463768
"237","Joma","Phileurus truncatus",1,0.611,0.642,35,"Detrivore","Univoltine","Host Organisms",1.7018,6.31028,-10.40278,3.7026,2.61350928156564,536.665503698626,0.544927536,-1.087681159,1.272463768
"238","Joma","Phileurus valgus",0,0.611,0.642,23,"Detrivore","Not Univoltine","Host Organisms",1.7018,6.5085,-15.0894,0.609099999999998,3.79938507603675,518.459617713095,0.544927536,-1.087681159,1.272463768
"239","Joma","Plecia nearctica",5,0.611,0.642,7.5,"Herbivore","Not Univoltine","Below Ground",1.7018,2.34642,-1.81964,0.0626999999999995,1.59085050727693,186.938070243399,0.544927536,-1.087681159,1.272463768
"240","Joma","Prionus imbricornis",0,0.611,0.642,37.5,"Herbivore","Univoltine","Host Organisms",1.7018,8.64517999999999,0.86712,5.53875,2.46058708621822,210.76072994301,0.544927536,-1.087681159,1.272463768
"241","Joma","Prionus pocularis",1,0.611,0.642,34.5,"Herbivore","Univoltine","Host Organisms",1.7018,11.89206,-0.938039999999997,3.6192,4.31687260982908,208.735279531533,0.544927536,-1.087681159,1.272463768
"242","Joma","Prosapia bicincta",9,0.611,0.642,9,"Herbivore","Not Univoltine","Above Ground",1.7018,9.46683999999999,0.085799999999999,4.5966,3.30939461663834,242.784188261434,0.544927536,-1.087681159,1.272463768
"243","Joma","Rhiginia cruciata",0,0.611,0.642,14,"Carnivore","Not Univoltine","Above Ground",1.7018,10.43586,0.30462,7.5535,3.49738750158468,189.033570507408,0.544927536,-1.087681159,1.272463768
"244","Joma","Tabanus atratus",0,0.611,0.642,26.5,"Carnivore","Not Univoltine","Freshwater",1.7018,13.74687,-0.132200000000001,6.63105,5.12222578420955,244.456964908158,0.544927536,-1.087681159,1.272463768
"245","Joma","Tylozygus geometricus",0,0.611,0.642,4,"Herbivore","Univoltine","Above Ground",1.7018,9.63652,-20.11294,2.6939,4.6417090820903,815.33606703684,0.544927536,-1.087681159,1.272463768
"246","Prcr","Acanalonia servillei",3,0.044,0.035,14.5,"Herbivore","Univoltine","Above Ground",0,6.20156,-2.34538,1.3495,2.81457411410109,160.229305820834,0.763671875,-0.752734375,0.9640625
"247","Prcr","Alcaeorrhynchus grandis",0,0.044,0.035,20,"Carnivore","Not Univoltine","Above Ground",0,3.23802,-23.3995,-0.0340000000000025,2.77440600496807,454.301910255938,0.763671875,-0.752734375,0.9640625
"248","Prcr","Anomala innuba",1,0.044,0.035,7.5,"Herbivore","Not Univoltine","Below Ground",0,9.44282,-3.06142,3.2674,4.16178885458884,313.801359071828,0.763671875,-0.752734375,0.9640625
"249","Prcr","Blattella asahinai",0,0.044,0.035,14.5,"Herbivore","Not Univoltine","Above Ground",0,2.6963,-8.83475,0.400400000000001,3.35753476865113,409.929268610035,0.763671875,-0.752734375,0.9640625
"250","Prcr","Callistethus marginatus",96,0.044,0.035,13.5,"Herbivore","Not Univoltine","Below Ground",0,7.34624000000001,-3.52616,1.3,3.76043297648297,329.084045570379,0.763671875,-0.752734375,0.9640625
"251","Prcr","Calosoma scrutator",0,0.044,0.035,30,"Carnivore","Univoltine","Above Ground",0,10.0707,0.00329999999999941,4.11079999999999,3.42313596310852,312.109190304279,0.763671875,-0.752734375,0.9640625
"252","Prcr","Camponotus castaneus",3,0.044,0.035,8.5,"Omnivore","Not Univoltine","Host Organisms",0,9.8408,1.0152,6.8397,2.70351447364713,168.142479126584,0.763671875,-0.752734375,0.9640625
"253","Prcr","Camponotus floridanus",7,0.044,0.035,8.5,"Omnivore","Not Univoltine","Host Organisms",0,0.732980000000001,-3.9084,-1.571,1.5274742654138,116.335066166947,0.763671875,-0.752734375,0.9640625
"254","Prcr","Chauliodes rastricornis",25,0.044,0.035,35,"Omnivore","Not Univoltine","Freshwater",0,15.3888,0.50817,11.50765,5.55321612401015,225.027366967559,0.763671875,-0.752734375,0.9640625
"255","Prcr","Climaciella brunnea",0,0.044,0.035,26.5,"Carnivore","Not Univoltine","Host Organisms",0,15.8374,-0.915580000000002,12.9686,5.80591046276887,329.452941561826,0.763671875,-0.752734375,0.9640625
"256","Prcr","Corydalus cornutus",6,0.044,0.035,54,"Omnivore","Univoltine","Freshwater",0,13.57158,3.43488,9.12105,3.59008191526177,209.500023430073,0.763671875,-0.752734375,0.9640625
"257","Prcr","Cybister fimbriolatus",5,0.044,0.035,29.5,"Carnivore","Univoltine","Freshwater",0,10.94483,-2.01133,2.3079,4.36706778375191,303.052664561671,0.763671875,-0.752734375,0.9640625
"258","Prcr","Dichotomius carolinus",0,0.044,0.035,25,"Detrivore","Univoltine","Above Ground",0,9.3372,-10.2733,5.39725,3.64512345088033,382.850577514149,0.763671875,-0.752734375,0.9640625
"259","Prcr","Draeculacephala inscripta",17,0.044,0.035,7,"Herbivore","Not Univoltine","Above Ground",0,8.68032000000001,-0.627460000000003,0.811699999999998,3.61521297776219,230.708236738472,0.763671875,-0.752734375,0.9640625
"260","Prcr","Euphoria sepulcralis",0,0.044,0.035,11.5,"Herbivore","Univoltine","Below Ground",0,9.31407,-3.68085,1.28645,4.11175634694152,264.336060265963,0.763671875,-0.752734375,0.9640625
"261","Prcr","Harmonia axyridis",0,0.044,0.035,6.5,"Carnivore","Not Univoltine","Above Ground",0,23.651,4.03536,20.8802,3.38960814321939,264.803339094393,0.763671875,-0.752734375,0.9640625
"262","Prcr","Hydaticus bimarginatus",179,0.044,0.035,12.5,"Carnivore","Univoltine","Freshwater",0,5.57985,-2.53645,0.366,2.72629463654203,232.100917636227,0.763671875,-0.752734375,0.9640625
"263","Prcr","Lethocerus uhleri",2,0.044,0.035,48.5,"Carnivore","Not Univoltine","Freshwater",0,6.22652,-1.7319,0.8414,2.77862837874417,235.222942972051,0.763671875,-0.752734375,0.9640625
"264","Prcr","Lytta polita",0,0.044,0.035,17.5,"Carnivore","Univoltine","Host Organisms",0,5.9363,-0.704600000000003,1.14695,2.47606405877214,147.415611063826,0.763671875,-0.752734375,0.9640625
"265","Prcr","Megalodacne fasciata",1,0.044,0.035,12.5,"Herbivore","Not Univoltine","Host Organisms",0,11.83046,0.611499999999999,7.5829,3.82685601308118,211.875959034006,0.763671875,-0.752734375,0.9640625
"266","Prcr","Melanolestes picipes",0,0.044,0.035,11,"Carnivore","Not Univoltine","Below Ground",0,9.55308,0.487159999999999,5.7128,3.39358232788108,280.824961928544,0.763671875,-0.752734375,0.9640625
"267","Prcr","Necrophila americana",4,0.044,0.035,16.5,"Detrivore","Not Univoltine","Host Organisms",0,15.9427,6.2585,11.523,3.80382800299079,185.600535245898,0.763671875,-0.752734375,0.9640625
"268","Prcr","Neoconocephalus triops",0,0.044,0.035,32,"Herbivore","Not Univoltine","Above Ground",0,5.6516,-7.64649,0.15635,3.21043102917168,417.815717320485,0.763671875,-0.752734375,0.9640625
"269","Prcr","Neoscapteriscus borellii",1,0.044,0.035,30,"Omnivore","Not Univoltine","Below Ground",0,4.62694,-1.57872,0.946449999999999,2.1975098316369,339.65299945197,0.763671875,-0.752734375,0.9640625
"270","Prcr","Pelidnota punctata",1,0.044,0.035,22,"Detrivore","Univoltine","Host Organisms",0,14.11112,1.96209,10.41015,4.09221785940406,199.735546624183,0.763671875,-0.752734375,0.9640625
"271","Prcr","Periplaneta americana",0,0.044,0.035,38,"Omnivore","Not Univoltine","Above Ground",0,9.72851,-36.99468,1.03355,4.550952117521,652.345131775528,0.763671875,-0.752734375,0.9640625
"272","Prcr","Phileurus truncatus",1,0.044,0.035,35,"Detrivore","Univoltine","Host Organisms",0,6.31028,-10.40278,3.7026,2.61350928156564,536.665503698626,0.763671875,-0.752734375,0.9640625
"273","Prcr","Phileurus valgus",2,0.044,0.035,23,"Detrivore","Not Univoltine","Host Organisms",0,6.5085,-15.0894,0.609099999999998,3.79938507603675,518.459617713095,0.763671875,-0.752734375,0.9640625
"274","Prcr","Plecia nearctica",33,0.044,0.035,7.5,"Herbivore","Not Univoltine","Below Ground",0,2.34642,-1.81964,0.0626999999999995,1.59085050727693,186.938070243399,0.763671875,-0.752734375,0.9640625
"275","Prcr","Prionus imbricornis",6,0.044,0.035,37.5,"Herbivore","Univoltine","Host Organisms",0,8.64517999999999,0.86712,5.53875,2.46058708621822,210.76072994301,0.763671875,-0.752734375,0.9640625
"276","Prcr","Prionus pocularis",2,0.044,0.035,34.5,"Herbivore","Univoltine","Host Organisms",0,11.89206,-0.938039999999997,3.6192,4.31687260982908,208.735279531533,0.763671875,-0.752734375,0.9640625
"277","Prcr","Prosapia bicincta",104,0.044,0.035,9,"Herbivore","Not Univoltine","Above Ground",0,9.46683999999999,0.085799999999999,4.5966,3.30939461663834,242.784188261434,0.763671875,-0.752734375,0.9640625
"278","Prcr","Rhiginia cruciata",4,0.044,0.035,14,"Carnivore","Not Univoltine","Above Ground",0,10.43586,0.30462,7.5535,3.49738750158468,189.033570507408,0.763671875,-0.752734375,0.9640625
"279","Prcr","Tabanus atratus",0,0.044,0.035,26.5,"Carnivore","Not Univoltine","Freshwater",0,13.74687,-0.132200000000001,6.63105,5.12222578420955,244.456964908158,0.763671875,-0.752734375,0.9640625
"280","Prcr","Tylozygus geometricus",7,0.044,0.035,4,"Herbivore","Univoltine","Above Ground",0,9.63652,-20.11294,2.6939,4.6417090820903,815.33606703684,0.763671875,-0.752734375,0.9640625
"281","Rist","Acanalonia servillei",11,0.012,0,14.5,"Herbivore","Univoltine","Above Ground",0,6.20156,-2.34538,1.3495,2.81457411410109,160.229305820834,0.729591837,1.572789116,1.2
"282","Rist","Alcaeorrhynchus grandis",3,0.012,0,20,"Carnivore","Not Univoltine","Above Ground",0,3.23802,-23.3995,-0.0340000000000025,2.77440600496807,454.301910255938,0.729591837,1.572789116,1.2
"283","Rist","Anomala innuba",67,0.012,0,7.5,"Herbivore","Not Univoltine","Below Ground",0,9.44282,-3.06142,3.2674,4.16178885458884,313.801359071828,0.729591837,1.572789116,1.2
"284","Rist","Blattella asahinai",0,0.012,0,14.5,"Herbivore","Not Univoltine","Above Ground",0,2.6963,-8.83475,0.400400000000001,3.35753476865113,409.929268610035,0.729591837,1.572789116,1.2
"285","Rist","Callistethus marginatus",16,0.012,0,13.5,"Herbivore","Not Univoltine","Below Ground",0,7.34624000000001,-3.52616,1.3,3.76043297648297,329.084045570379,0.729591837,1.572789116,1.2
"286","Rist","Calosoma scrutator",0,0.012,0,30,"Carnivore","Univoltine","Above Ground",0,10.0707,0.00329999999999941,4.11079999999999,3.42313596310852,312.109190304279,0.729591837,1.572789116,1.2
"287","Rist","Camponotus castaneus",28,0.012,0,8.5,"Omnivore","Not Univoltine","Host Organisms",0,9.8408,1.0152,6.8397,2.70351447364713,168.142479126584,0.729591837,1.572789116,1.2
"288","Rist","Camponotus floridanus",21,0.012,0,8.5,"Omnivore","Not Univoltine","Host Organisms",0,0.732980000000001,-3.9084,-1.571,1.5274742654138,116.335066166947,0.729591837,1.572789116,1.2
"289","Rist","Chauliodes rastricornis",41,0.012,0,35,"Omnivore","Not Univoltine","Freshwater",0,15.3888,0.50817,11.50765,5.55321612401015,225.027366967559,0.729591837,1.572789116,1.2
"290","Rist","Climaciella brunnea",0,0.012,0,26.5,"Carnivore","Not Univoltine","Host Organisms",0,15.8374,-0.915580000000002,12.9686,5.80591046276887,329.452941561826,0.729591837,1.572789116,1.2
"291","Rist","Corydalus cornutus",0,0.012,0,54,"Omnivore","Univoltine","Freshwater",0,13.57158,3.43488,9.12105,3.59008191526177,209.500023430073,0.729591837,1.572789116,1.2
"292","Rist","Cybister fimbriolatus",0,0.012,0,29.5,"Carnivore","Univoltine","Freshwater",0,10.94483,-2.01133,2.3079,4.36706778375191,303.052664561671,0.729591837,1.572789116,1.2
"293","Rist","Dichotomius carolinus",2,0.012,0,25,"Detrivore","Univoltine","Above Ground",0,9.3372,-10.2733,5.39725,3.64512345088033,382.850577514149,0.729591837,1.572789116,1.2
"294","Rist","Draeculacephala inscripta",117,0.012,0,7,"Herbivore","Not Univoltine","Above Ground",0,8.68032000000001,-0.627460000000003,0.811699999999998,3.61521297776219,230.708236738472,0.729591837,1.572789116,1.2
"295","Rist","Euphoria sepulcralis",0,0.012,0,11.5,"Herbivore","Univoltine","Below Ground",0,9.31407,-3.68085,1.28645,4.11175634694152,264.336060265963,0.729591837,1.572789116,1.2
"296","Rist","Harmonia axyridis",0,0.012,0,6.5,"Carnivore","Not Univoltine","Above Ground",0,23.651,4.03536,20.8802,3.38960814321939,264.803339094393,0.729591837,1.572789116,1.2
"297","Rist","Hydaticus bimarginatus",46,0.012,0,12.5,"Carnivore","Univoltine","Freshwater",0,5.57985,-2.53645,0.366,2.72629463654203,232.100917636227,0.729591837,1.572789116,1.2
"298","Rist","Lethocerus uhleri",3,0.012,0,48.5,"Carnivore","Not Univoltine","Freshwater",0,6.22652,-1.7319,0.8414,2.77862837874417,235.222942972051,0.729591837,1.572789116,1.2
"299","Rist","Lytta polita",0,0.012,0,17.5,"Carnivore","Univoltine","Host Organisms",0,5.9363,-0.704600000000003,1.14695,2.47606405877214,147.415611063826,0.729591837,1.572789116,1.2
"300","Rist","Megalodacne fasciata",3,0.012,0,12.5,"Herbivore","Not Univoltine","Host Organisms",0,11.83046,0.611499999999999,7.5829,3.82685601308118,211.875959034006,0.729591837,1.572789116,1.2
"301","Rist","Melanolestes picipes",0,0.012,0,11,"Carnivore","Not Univoltine","Below Ground",0,9.55308,0.487159999999999,5.7128,3.39358232788108,280.824961928544,0.729591837,1.572789116,1.2
"302","Rist","Necrophila americana",0,0.012,0,16.5,"Detrivore","Not Univoltine","Host Organisms",0,15.9427,6.2585,11.523,3.80382800299079,185.600535245898,0.729591837,1.572789116,1.2
"303","Rist","Neoconocephalus triops",1,0.012,0,32,"Herbivore","Not Univoltine","Above Ground",0,5.6516,-7.64649,0.15635,3.21043102917168,417.815717320485,0.729591837,1.572789116,1.2
"304","Rist","Neoscapteriscus borellii",2,0.012,0,30,"Omnivore","Not Univoltine","Below Ground",0,4.62694,-1.57872,0.946449999999999,2.1975098316369,339.65299945197,0.729591837,1.572789116,1.2
"305","Rist","Pelidnota punctata",3,0.012,0,22,"Detrivore","Univoltine","Host Organisms",0,14.11112,1.96209,10.41015,4.09221785940406,199.735546624183,0.729591837,1.572789116,1.2
"306","Rist","Periplaneta americana",0,0.012,0,38,"Omnivore","Not Univoltine","Above Ground",0,9.72851,-36.99468,1.03355,4.550952117521,652.345131775528,0.729591837,1.572789116,1.2
"307","Rist","Phileurus truncatus",0,0.012,0,35,"Detrivore","Univoltine","Host Organisms",0,6.31028,-10.40278,3.7026,2.61350928156564,536.665503698626,0.729591837,1.572789116,1.2
"308","Rist","Phileurus valgus",1,0.012,0,23,"Detrivore","Not Univoltine","Host Organisms",0,6.5085,-15.0894,0.609099999999998,3.79938507603675,518.459617713095,0.729591837,1.572789116,1.2
"309","Rist","Plecia nearctica",8,0.012,0,7.5,"Herbivore","Not Univoltine","Below Ground",0,2.34642,-1.81964,0.0626999999999995,1.59085050727693,186.938070243399,0.729591837,1.572789116,1.2
"310","Rist","Prionus imbricornis",0,0.012,0,37.5,"Herbivore","Univoltine","Host Organisms",0,8.64517999999999,0.86712,5.53875,2.46058708621822,210.76072994301,0.729591837,1.572789116,1.2
"311","Rist","Prionus pocularis",6,0.012,0,34.5,"Herbivore","Univoltine","Host Organisms",0,11.89206,-0.938039999999997,3.6192,4.31687260982908,208.735279531533,0.729591837,1.572789116,1.2
"312","Rist","Prosapia bicincta",29,0.012,0,9,"Herbivore","Not Univoltine","Above Ground",0,9.46683999999999,0.085799999999999,4.5966,3.30939461663834,242.784188261434,0.729591837,1.572789116,1.2
"313","Rist","Rhiginia cruciata",0,0.012,0,14,"Carnivore","Not Univoltine","Above Ground",0,10.43586,0.30462,7.5535,3.49738750158468,189.033570507408,0.729591837,1.572789116,1.2
"314","Rist","Tabanus atratus",2,0.012,0,26.5,"Carnivore","Not Univoltine","Freshwater",0,13.74687,-0.132200000000001,6.63105,5.12222578420955,244.456964908158,0.729591837,1.572789116,1.2
"315","Rist","Tylozygus geometricus",6,0.012,0,4,"Herbivore","Univoltine","Above Ground",0,9.63652,-20.11294,2.6939,4.6417090820903,815.33606703684,0.729591837,1.572789116,1.2
